{"train": [0.07932873563720035, 0.06059933231248484, 0.0456960088174258, 0.036349212363749356, 0.031586726244490645, 0.02985060288776438, 0.02803339914406662, 0.0262703893149828, 0.025443877813152292, 0.024631028208736475, 0.023759137693937723, 0.023443322169122757, 0.022728187177185114, 0.022729246852943648, 0.020019029847697004, 0.019583484375631656, 0.01909599674551131, 0.01898988020642624, 0.018866450211347696, 0.018665503752841192, 0.01816923095082695, 0.017935251811059653, 0.01808603111557759, 0.01824049385530608, 0.017837156704929354, 0.017899280794980852, 0.017629959838247146, 0.017232751921303087, 0.01741294925669571, 0.01682719322792315, 0.016297893610770827, 0.016271573854247472, 0.01617959485232056, 0.016131151292182795, 0.016141772717721277], "valid": [0.07255089059472083, 0.054314478673040865, 0.04419780969619751, 0.042383165657520296, 0.04250246230512857, 0.04120613960549235, 0.030307609774172305, 0.02504831487312913, 0.031094270572066308, 0.02640922823920846, 0.04940060805529356, 0.02464083405211568, 0.023653328837826847, 0.030288048274815082, 0.021031792042776942, 0.01980073032900691, 0.018383625778369606, 0.018675115844234823, 0.018577864533290266, 0.02088622860610485, 0.018345895456150174, 0.019740071287378667, 0.018181592877954244, 0.01967578921467066, 0.01730607231147587, 0.019462035270407796, 0.019030624022707342, 0.017571092722937463, 0.01969109885394573, 0.01746150408871472, 0.017554283095523714, 0.017353891767561434, 0.01709292330779135, 0.018477883469313384, 0.017259337287396193]}