{"train": [0.06640834772548118, 0.05829991736485587, 0.05665190365504135, 0.05589953655159319, 0.053541526827332264, 0.051401220383001614, 0.04912511844720159, 0.04608352944351636, 0.046108352867039765, 0.044502875961169794, 0.042715293548807695, 0.04229178144173189, 0.03921639491114524, 0.03873625523471213, 0.03491982062915703, 0.033724664613701306, 0.03365517735432882, 0.032554862319261996, 0.03157241187094675, 0.031527361167328696, 0.0313148306948798, 0.03029894150261368, 0.029786521109280647, 0.02994997339782777, 0.02949664213198733, 0.028812566590676835, 0.02893653902672715, 0.028070819920969086, 0.028285717591643333, 0.02674791081989934, 0.026513447446821183, 0.026167242866396517, 0.025969170971301855, 0.02591997232626785, 0.02579832256033823, 0.025687163175603787, 0.025352663160966977, 0.02524960720185916, 0.025034939211055443, 0.025153271739020364, 0.02480979205121274, 0.024564852708249124, 0.02476036866715589, 0.024494134687951634, 0.024174944334361074, 0.024094177089486416, 0.02373602395490199, 0.023921252071083365, 0.024042129395650577, 0.023598884945953046], "valid": [0.05844561792910099, 0.056057820282876494, 0.05462709441781044, 0.05162477437406778, 0.04789454396814108, 0.05240259077399969, 0.04692830871790647, 0.0415859043598175, 0.0459794107824564, 0.042915258929133414, 0.03806369323283434, 0.037051678216084835, 0.040661420579999684, 0.034094611462205646, 0.03096527378074825, 0.030898832250386477, 0.030397580936551094, 0.029634772101417184, 0.029524556919932367, 0.02790376925840974, 0.027728044288232924, 0.026873301807790996, 0.03013762617483735, 0.028184881526976825, 0.025514552905224263, 0.026610437594354153, 0.025581264263018967, 0.026317264325916766, 0.025193707598373295, 0.02423059372231364, 0.026116054598242046, 0.024292997596785427, 0.023514215182513, 0.024334110133349896, 0.026203274726867676, 0.0258967871312052, 0.024736223043873906, 0.02309991812799126, 0.023324362421408295, 0.025742593919858336, 0.022570620151236655, 0.02313351973425597, 0.023284463165327906, 0.02334882994182408, 0.023333816230297087, 0.022838037693873048, 0.022993661742657424, 0.022784690652042628, 0.022128170751966537, 0.02389669488184154]}