{"train": [0.06626358156564174, 0.05786617665079894, 0.05507578509678314, 0.05064312716970196, 0.04857905255025857, 0.047106622536848115, 0.04522029651546633, 0.04411668634017954, 0.04314022979324127, 0.041231301347059865, 0.04062100479306726, 0.03880939966478905, 0.03815921740727378, 0.03646376038381419, 0.034963407263450035, 0.03366114523310166, 0.033000522764859264, 0.03268106455926771, 0.03234438024848312, 0.03122069380645241, 0.0303744717150346, 0.03041322330956335, 0.03218998062097794, 0.028727554135605113, 0.02862114127265749, 0.027913559101183306, 0.027178394977100097, 0.027071761372559643, 0.02738236469615783, 0.02426742363793703, 0.02360835132588233, 0.022914249643489912, 0.022770503554009384, 0.022912198472042362, 0.022636964312428003, 0.022286291083006504, 0.02267253857904247, 0.021898969022145907, 0.021936196646374927, 0.021498009889060025, 0.021537645883229258, 0.021574870659062613, 0.02110254125330936, 0.02078756360433899, 0.020891465065250924, 0.020646950217907304, 0.020541642205910635, 0.02078095640890397, 0.020204496297791794, 0.020576046410851277, 0.02040020651002596, 0.0200697545978156, 0.020057918443405008, 0.019767421751295203, 0.019603478244517917, 0.01937737585613867, 0.0194221187939311, 0.01951017730276693, 0.01960894355985832, 0.018284853438955622, 0.018181746680434648, 0.01793357708140627, 0.017961529246833804, 0.017785649909940245, 0.017544924913506423, 0.017727139895757686, 0.01754525626477386, 0.017687954462145442, 0.017513344669109816, 0.01762134272169757, 0.017716565671340598, 0.01715796191075986, 0.017089510257900148, 0.01718331382053529, 0.0169035269177289, 0.016960749856208438, 0.016647131874697744, 0.01681491598341759, 0.016692797671519703, 0.016681002223162683, 0.01682113151537714, 0.01685253324519311, 0.016766779650873566, 0.01673468704903861, 0.0164624165695209, 0.01656484135196774, 0.016657369320171995, 0.016503165866091074, 0.01639789589620256, 0.01631191342633653, 0.016118307023418026, 0.01624183543631202, 0.01606859447882063, 0.01585011742101958, 0.016157063619269954, 0.01593139632181688, 0.016187326801190904, 0.015720480675022904, 0.01583745229578057, 0.0160642400347664], "valid": [0.05775168146938085, 0.05360938739031553, 0.05323099158704281, 0.04592571016401052, 0.04789712969213724, 0.044151230715215206, 0.04858401156961918, 0.038324862532317636, 0.03885515164583921, 0.04070120817050338, 0.03755304412916303, 0.03356108404695988, 0.03428167179226875, 0.03168117040768266, 0.02977187754586339, 0.031443204591050745, 0.029342225566506386, 0.02985259806737304, 0.03095439951866865, 0.028489810507744552, 0.02789959041401744, 0.027667827159166335, 0.028862917516380548, 0.026612261962145566, 0.02636452205479145, 0.025639613950625063, 0.02365213038865477, 0.02608933309093118, 0.023958797636441886, 0.021772529976442457, 0.022953973477706315, 0.02179138334468007, 0.021529682260006667, 0.023338704090565442, 0.024292045971378684, 0.023049569269642235, 0.0223062708042562, 0.02116390715818852, 0.020938799437135457, 0.02262635324150324, 0.0201796903507784, 0.020619324687868357, 0.02007943778298795, 0.02149613290093839, 0.02059653103351593, 0.01984975952655077, 0.02074539065361023, 0.02033936223015189, 0.018969784677028655, 0.021952387318015097, 0.020156973926350474, 0.02124775224365294, 0.019609281793236732, 0.021286655822768806, 0.020026511512696743, 0.019350779941305518, 0.020824516518041493, 0.020060475310310723, 0.020560518838465214, 0.0213940913323313, 0.020047185383737086, 0.019578744564205407, 0.019091488467529415, 0.020065642427653074, 0.01864086203277111, 0.021186391869559885, 0.019810089329257607, 0.019431951036676765, 0.018716116761788727, 0.018639057595282792, 0.02014031237922609, 0.019048089161515236, 0.019339919555932283, 0.017401085165329278, 0.01855410251300782, 0.018408850021660327, 0.017899949057027697, 0.019683217303827404, 0.019538306165486574, 0.018888704385608433, 0.018427497101947667, 0.018201228138059376, 0.017997529008425772, 0.018955954909324647, 0.018691358668729664, 0.018026937497779727, 0.0185036635491997, 0.017604024149477482, 0.01803594846278429, 0.018747426010668276, 0.01885620700195432, 0.018096281308680774, 0.01814452181570232, 0.019318744726479053, 0.01772999207023531, 0.018450989155098796, 0.01826271819882095, 0.017894440540112556, 0.018063652236014603, 0.018681861693039536]}